{
  "products": [
    {
      "id": 1,
      "name": "Camisa Social Premium",
      "price": 189.9,
      "sizes": ["P", "M", "G", "GG"],
      "image": "/placeholder.svg?height=400&width=400",
      "category": "camisas"
    },
    {
      "id": 2,
      "name": "Calça Sarja Slim",
      "price": 249.9,
      "sizes": ["38", "40", "42", "44"],
      "image": "/placeholder.svg?height=400&width=400",
      "category": "calcas"
    },
    {
      "id": 3,
      "name": "Blazer Alfaiataria",
      "price": 459.9,
      "sizes": ["P", "M", "G", "GG"],
      "image": "/placeholder.svg?height=400&width=400",
      "category": "blazers"
    },
    {
      "id": 4,
      "name": "Jaqueta Couro Sintético",
      "price": 389.9,
      "sizes": ["P", "M", "G", "GG"],
      "image": "/placeholder.svg?height=400&width=400",
      "category": "jaquetas"
    },
    {
      "id": 5,
      "name": "Polo Premium",
      "price": 149.9,
      "sizes": ["P", "M", "G", "GG"],
      "image": "/placeholder.svg?height=400&width=400",
      "category": "polos"
    },
    {
      "id": 6,
      "name": "Calça Alfaiataria",
      "price": 279.9,
      "sizes": ["38", "40", "42", "44"],
      "image": "/placeholder.svg?height=400&width=400",
      "category": "calcas"
    }
  ]
}
